"Beefeater London Dry Gin","James Burrough Ltd.","Gin","Traditional",28.95,750,40.0,"England, United Kingdom","https://www.lcbo.com/webapp/wcs/stores/servlet/en/lcbo/traditional-15014348/beefeater-london-dry-gin-570"
"Gordon's Dry Gin","Schenley / Diageo","Gin","Traditional",29.45,750,40.0,"Canada","https://www.lcbo.com/webapp/wcs/stores/servlet/en/lcbo/traditional-15014348/gordons-dry-gin-1040"
"Tanqueray Dry Gin","Udv - Laindon","Gin","Traditional",30.95,750,40.0,"England, United Kingdom","https://www.lcbo.com/webapp/wcs/stores/servlet/en/lcbo/traditional-15014348/tanqueray-dry-gin-2691"
"Beefeater London Dry Gin","James Burrough Ltd.","Gin","Traditional",16.6,375,40.0,"England, United Kingdom","https://www.lcbo.com/webapp/wcs/stores/servlet/en/lcbo/traditional-15014348/beefeater-london-dry-gin-7369"
"Tanqueray Dry Gin","Udv - Laindon","Gin","Traditional",16.95,375,40.0,"England, United Kingdom","https://www.lcbo.com/webapp/wcs/stores/servlet/en/lcbo/traditional-15014348/tanqueray-dry-gin-32425"
"Beefeater London Dry Gin","James Burrough Ltd.","Gin","Traditional",66.5,1750,40.0,"England, United Kingdom","https://www.lcbo.com/webapp/wcs/stores/servlet/en/lcbo/traditional-15014348/beefeater-london-dry-gin-56622"
"Tanqueray Dry Gin","Udv - Laindon","Gin","Traditional",63.45,1750,40.0,"England, United Kingdom","https://www.lcbo.com/webapp/wcs/stores/servlet/en/lcbo/traditional-15014348/tanqueray-dry-gin-96263"
"Gordon's Dry Gin (PET)","Schenley / Diageo","Gin","Traditional",63.45,1750,40.0,"Canada","https://www.lcbo.com/webapp/wcs/stores/servlet/en/lcbo/traditional-15014348/gordons-dry-gin-%28pet%29-111021"
"Beefeater London Dry Gin","James Burrough Ltd.","Gin","Traditional",42.45,1140,40.0,"England, United Kingdom","https://www.lcbo.com/webapp/wcs/stores/servlet/en/lcbo/traditional-15014348/beefeater-london-dry-gin-209213"
"Tanqueray Dry Gin","Udv - Laindon","Gin","Traditional",43.95,1140,40.0,"England, United Kingdom","https://www.lcbo.com/webapp/wcs/stores/servlet/en/lcbo/traditional-15014348/tanqueray-dry-gin-216721"
"Gordon's Gin","Schenley / Diageo","Gin","Traditional",42.45,1140,40.0,"Canada","https://www.lcbo.com/webapp/wcs/stores/servlet/en/lcbo/traditional-15014348/gordons-gin-217166"
"Bombay Sapphire London Dry Gin","Bombay Spirits Company Ltd.","Gin","Traditional",43.35,1140,40.0,"England, United Kingdom","https://www.lcbo.com/webapp/wcs/stores/servlet/en/lcbo/traditional-15014348/bombay-sapphire-london-dry-gin-217281"
"Bombay Sapphire London Dry Gin","Bombay Spirits Company Ltd.","Gin","Traditional",9.95,200,40.0,"England, United Kingdom","https://www.lcbo.com/webapp/wcs/stores/servlet/en/lcbo/traditional-15014348/bombay-sapphire-london-dry-gin-260844"
"Beefeater London Dry Gin","James Burrough Ltd.","Gin","Traditional",9.0,200,40.0,"England, United Kingdom","https://www.lcbo.com/webapp/wcs/stores/servlet/en/lcbo/traditional-15014348/beefeater-london-dry-gin-268748"
"Citadelle Gin","Cognac Ferrand","Gin","Traditional",31.45,750,44.0,"France","https://www.lcbo.com/webapp/wcs/stores/servlet/en/lcbo/traditional-15014348/citadelle-gin-275248"
"Plymouth English Gin","The Plymouth Gin Company","Gin","Traditional",45.55,750,41.2,"England, United Kingdom","https://www.lcbo.com/webapp/wcs/stores/servlet/en/lcbo/traditional-15014348/plymouth-english-gin-277004"
"Bombay Sapphire London Dry Gin","Bombay Spirits Company Ltd.","Gin","Traditional",30.65,750,40.0,"England, United Kingdom","https://www.lcbo.com/webapp/wcs/stores/servlet/en/lcbo/traditional-15014348/bombay-sapphire-london-dry-gin-316844"
"Bombay Sapphire East London Dry Gin","Bombay Spirits Company Ltd.","Gin","Traditional",32.0,750,42.0,"England, United Kingdom","https://www.lcbo.com/webapp/wcs/stores/servlet/en/lcbo/traditional-15014348/bombay-sapphire-east-london-dry-gin-319673"
"Bruichladdich The Botanist Islay Dry Gin","Bruichladdich Distillery Co. Ltd.","Gin","Traditional",54.05,750,46.0,"Scotland, United Kingdom","https://www.lcbo.com/webapp/wcs/stores/servlet/en/lcbo/traditional-15014348/bruichladdich-the-botanist-islay-dry-gin-358192"
"Dillon's Gin 22 Unfiltered","Dillon's Small Batch Distiller","Gin","Traditional",41.95,750,40.0,"Canada","https://www.lcbo.com/webapp/wcs/stores/servlet/en/lcbo/traditional-15014348/dillons-gin-22-unfiltered-358556"
"Ungava Gin","Les Spiritueux Ungava","Gin","Traditional",37.95,750,43.0,"Canada","https://www.lcbo.com/webapp/wcs/stores/servlet/en/lcbo/traditional-15014348/ungava-gin-374231"
"Sipsmith London Dry Gin","Sipsmith Ltd","Gin","Traditional",45.0,750,41.6,"England, United Kingdom","https://www.lcbo.com/webapp/wcs/stores/servlet/en/lcbo/traditional-15014348/sipsmith-london-dry-gin-391177"
"Boodles Gin","Proximo","Gin","Traditional",29.95,750,45.2,"England, United Kingdom","https://www.lcbo.com/webapp/wcs/stores/servlet/en/lcbo/traditional-15014348/boodles-gin-397539"
"Dillon's Dry Gin","Dillon's Small Batch Distiller","Gin","Traditional",39.95,750,44.8,"Ontario, Canada","https://www.lcbo.com/webapp/wcs/stores/servlet/en/lcbo/traditional-15014348/dillons-dry-gin-413104"
"Triple Beam Gin","North Of 7","Gin","Traditional",39.95,750,40.0,"Ontario, Canada","https://www.lcbo.com/webapp/wcs/stores/servlet/en/lcbo/traditional-15014348/triple-beam-gin-413542"
"Hendrick's Gin","Wm. Grant &amp; Sons Ltd","Gin","Traditional",29.95,375,44.0,"Scotland, United Kingdom","https://www.lcbo.com/webapp/wcs/stores/servlet/en/lcbo/traditional-15014348/hendricks-gin-417261"
"Star Of Bombay London Dry Gin","Bombay Spirits Company Ltd.","Gin","Traditional",40.05,750,47.5,"England, United Kingdom","https://www.lcbo.com/webapp/wcs/stores/servlet/en/lcbo/traditional-15014348/star-of-bombay-london-dry-gin-446526"
"Georgian Bay Gin","Georgian Bay Gin Company","Gin","Traditional",34.95,750,40.0,"Ontario, Canada","https://www.lcbo.com/webapp/wcs/stores/servlet/en/lcbo/traditional-15014348/georgian-bay-gin-448597"
"Junction 56 Distillery Gin","Junction 56 Distillery Ltd","Gin","Traditional",39.95,750,41.3,"Ontario, Canada","https://www.lcbo.com/webapp/wcs/stores/servlet/en/lcbo/traditional-15014348/junction-56-distillery-gin-449181"
"Broker's Premium London Dry Gin","Broker's Gin Limited","Gin","Traditional",42.5,1140,40.0,"England, United Kingdom","https://www.lcbo.com/webapp/wcs/stores/servlet/en/lcbo/traditional-15014348/brokers-premium-london-dry-gin-494047"
"King's Lock Conestoga  Organic Gin","King's Lock Craft Distillery","Gin","Traditional",43.9,750,40.0,"Ontario, Canada","https://www.lcbo.com/webapp/wcs/stores/servlet/en/lcbo/traditional-15014348/kings-lock-conestoga-organic-gin-513192"
"Spirit Of York Gin","Spirit Of York Distillery","Gin","Traditional",44.95,750,40.0,"Ontario, Canada","https://www.lcbo.com/webapp/wcs/stores/servlet/en/lcbo/traditional-15014348/spirit-of-york-gin-536805"
"Top Shelf Gin","Top Shelf Distillers","Gin","Traditional",33.95,750,40.0,"Ontario, Canada","https://www.lcbo.com/webapp/wcs/stores/servlet/en/lcbo/traditional-15014348/top-shelf-gin-542910"
"Ungava Premium Gin","Corby Spirit And Wine Limited","Gin","Traditional",19.95,375,43.1,"Quebec, Canada","https://www.lcbo.com/webapp/wcs/stores/servlet/en/lcbo/traditional-15014348/ungava-premium-gin-542969"
"Empress 1908 Gin","Victoria Spirits Inc.","Gin","Traditional",52.95,750,42.5,"British Columbia, Canada","https://www.lcbo.com/webapp/wcs/stores/servlet/en/lcbo/traditional-15014348/-empress-1908-gin-557470"
"Bombay Sapphire London Dry Gin","Bombay Spirits Company Ltd.","Gin","Traditional",65.35,1750,40.0,"England, United Kingdom","https://www.lcbo.com/webapp/wcs/stores/servlet/en/lcbo/traditional-15014348/bombay-sapphire-london-dry-gin-582973"
"Tanqueray No. Ten Gin","Udv - Laindon","Gin","Traditional",49.95,750,47.3,"England, United Kingdom","https://www.lcbo.com/webapp/wcs/stores/servlet/en/lcbo/traditional-15014348/tanqueray-no-ten-gin-600163"
"Broker's Premium London Dry Gin","Broker's Gin Limited","Gin","Traditional",30.0,750,40.0,"England, United Kingdom","https://www.lcbo.com/webapp/wcs/stores/servlet/en/lcbo/spirits-15/gin-15014/traditional-15014348/brokers-premium-london-dry-gin-605162"
"Hayman's London Dry Gin","Hayman Distillers","Gin","Traditional",36.95,750,41.2,"United Kingdom","https://www.lcbo.com/webapp/wcs/stores/servlet/en/lcbo/traditional-15014348/haymans-london-dry-gin-617233"
"Hidden Temple Gin","Nickel 9 Distillery","Gin","Traditional",54.95,750,40.0,"Ontario, Canada","https://www.lcbo.com/webapp/wcs/stores/servlet/en/lcbo/traditional-15014348/hidden-temple-gin-633206"
"Muskoka Legendary Oddity Gin","Lakes Of Muskoka Cottage Brewery","Gin","Traditional",44.65,750,40.0,"Ontario, Canada","https://www.lcbo.com/webapp/wcs/stores/servlet/en/lcbo/traditional-15014348/muskoka-legendary-oddity-gin-634857"
"Kinsip Juniper's Wit Gin","Kinsip","Gin","Traditional",48.1,750,40.0,"Ontario, Canada","https://www.lcbo.com/webapp/wcs/stores/servlet/en/lcbo/traditional-15014348/kinsip-junipers-wit-gin-634873"
"Roku Gin","Beam Suntory","Gin","Traditional",49.95,750,43.0,"Japan","https://www.lcbo.com/webapp/wcs/stores/servlet/en/lcbo/traditional-15014348/roku-gin-636209"
"Bombay Sapphire London Dry Gin","Bacardi G.M.B.H.","Gin","Traditional",16.65,375,40.0,"England, United Kingdom","https://www.lcbo.com/webapp/wcs/stores/servlet/en/lcbo/traditional-15014348/bombay-sapphire-london-dry-gin-637058"
"Hendrick's Gin","Wm. Grant &amp; Sons Ltd","Gin","Traditional",52.95,750,44.0,"Scotland, United Kingdom","https://www.lcbo.com/webapp/wcs/stores/servlet/en/lcbo/traditional-15014348/hendricks-gin-637504"
"Drumshanbo Gunpowder Irish Gin","Palm Bay International","Gin","Traditional",54.95,750,43.0,"Ireland","https://www.lcbo.com/webapp/wcs/stores/servlet/en/lcbo/traditional-15014348/drumshanbo-gunpowder-irish-gin-635508"
"Romeo's Gin","Cidrerie Michel Jodin","Gin","Traditional",39.95,750,46.0,"Canada","https://www.lcbo.com/webapp/wcs/stores/servlet/en/lcbo/traditional-15014348/romeos-gin-635466"
"Aviation Gin","Aviation Gin Distillery","Gin","Traditional",39.95,750,42.0,"USA","https://www.lcbo.com/webapp/wcs/stores/servlet/en/lcbo/traditional-15014348/aviation-gin-129940"
"Drumshanbo Gunpowder Irish Gin","Palm Bay International","Gin","Traditional",54.95,750,43.0,"Ireland","https://www.lcbo.com/webapp/wcs/stores/servlet/en/lcbo/traditional-15014348/drumshanbo-gunpowder-irish-gin-635508"
"Romeo's Gin","Cidrerie Michel Jodin","Gin","Traditional",39.95,750,46.0,"Canada","https://www.lcbo.com/webapp/wcs/stores/servlet/en/lcbo/traditional-15014348/romeos-gin-635466"
"Aviation Gin","Aviation Gin Distillery","Gin","Traditional",39.95,750,42.0,"USA","https://www.lcbo.com/webapp/wcs/stores/servlet/en/lcbo/traditional-15014348/aviation-gin-129940"
"Spring Mill Distillery Gin","Spring Mill Distillery","Gin","Traditional",39.95,750,40.0,"Ontario, Canada","https://www.lcbo.com/webapp/wcs/stores/servlet/en/lcbo/traditional-15014348/spring-mill-distillery-gin-645721"
"Collective Arts Artisanal Gin","Collective Arts Brewing Limited","Gin","Traditional",44.95,750,43.5,"Ontario, Canada","https://www.lcbo.com/webapp/wcs/stores/servlet/en/lcbo/traditional-15014348/collective-arts-artisanal-gin-128090"
"Beattie's Farm Crafted Potato Gin","Beattie's Distillers","Gin","Traditional",37.95,750,40.0,"Ontario, Canada","https://www.lcbo.com/webapp/wcs/stores/servlet/en/lcbo/traditional-15014348/beatties-farm-crafted-potato-gin-645622"
"Bulldog Gin","Forty Creek Distillery","Gin","Traditional",38.8,750,40.0,"England, United Kingdom","https://www.lcbo.com/webapp/wcs/stores/servlet/en/lcbo/traditional-15014348/bulldog-gin-907758"
"Hendrick's Gin","Wm. Grant &amp; Sons Ltd","Gin","Traditional",100.0,1750,44.0,"Scotland, United Kingdom","https://www.lcbo.com/webapp/wcs/stores/servlet/en/lcbo/traditional-15014348/hendricks-gin-909424"
"Steinhart Dry Gin","Steinhart Distillery","Gin","Traditional",30.0,500,47.5,"Nova Scotia, Canada","https://www.lcbo.com/webapp/wcs/stores/servlet/en/lcbo/traditional-15014348/steinhart-dry-gin-11340"
"Generous Gin, White Flowers","Odevie Sas","Gin","Traditional",64.85,700,44.0,"France","https://www.lcbo.com/webapp/wcs/stores/servlet/en/lcbo/traditional-15014348/generous-gin-white-flowers-129106"
"Reid's Gin","Reid's Distillery","Gin","Traditional",50.5,750,42.2,"Ontario, Canada","https://www.lcbo.com/webapp/wcs/stores/servlet/en/lcbo/traditional-15014348/reids-gin-13423"
"Bottega Bacur Gin Veneto","Bottega Spa","Gin","Traditional",34.9,700,40.0,"Italy","https://www.lcbo.com/webapp/wcs/stores/servlet/en/lcbo/traditional-15014348/bottega-bacur-gin-veneto-11278"
"Bathtub Gin, UK","Atom Supplies","Gin","Traditional",58.8,750,43.3,"England, United Kingdom","https://www.lcbo.com/webapp/wcs/stores/servlet/en/lcbo/traditional-15014348/bathtub-gin-uk-11688"
"Mermaid Gin","Isle Of Wight Distillery","Gin","Traditional",83.8,700,42.0,"England, United Kingdom","https://www.lcbo.com/webapp/wcs/stores/servlet/en/lcbo/traditional-15014348/mermaid-gin-13443"
"Valley of Mother of God Gin","Foxglove Spirits Ltd","Gin","Traditional",59.95,750,43.0,"Ontario, Canada","https://www.lcbo.com/webapp/wcs/stores/servlet/en/lcbo/traditional-15014348/valley-of-mother-of-god-gin-13397"
"Mill Street Citrus Gin","Trillium Beverage Inc.","Gin","Traditional",44.95,750,40.5,"Ontario, Canada","https://www.lcbo.com/webapp/wcs/stores/servlet/en/lcbo/traditional-15014348/mill-street-citrus-gin-15144"
"Mill Street Botanical Gin","Trillium Beverage Inc.","Gin","Traditional",44.95,750,45.0,"Ontario, Canada","https://www.lcbo.com/webapp/wcs/stores/servlet/en/lcbo/traditional-15014348/mill-street-botanical-gin-15145"
"Isle of Harris Gin","Isle Of Harris Distillers Ltd","Gin","Traditional",88.5,750,45.0,"Scotland, United Kingdom","https://www.lcbo.com/webapp/wcs/stores/servlet/en/lcbo/traditional-15014348/isle-of-harris-gin-16100"
"18.8 Gin","Fluid Assets","Gin","Traditional",29.95,750,19.2,"Ontario, Canada","https://www.lcbo.com/webapp/wcs/stores/servlet/en/lcbo/spirits-15/gin-15014/traditional-15014348/188-gin-16868"
"Mermaid Pink Gin Gift Set","Isle Of Wight Distillery","Gin","Traditional",99.95,700,38.0,"England, United Kingdom","https://www.lcbo.com/webapp/wcs/stores/servlet/en/lcbo/traditional-15014348/mermaid-pink-gin-gift-set-17075"
"Laneway No.11 Gin","Laneway Distillers","Gin","Traditional",59.35,750,43.6,"Ontario, Canada","https://www.lcbo.com/webapp/wcs/stores/servlet/en/lcbo/traditional-15014348/laneway-no11-gin-17845"
"Aviation Gin","Aviation Gin Distillery","Gin","Traditional",23.6,375,42.0,"Oregon, USA","https://www.lcbo.com/webapp/wcs/stores/servlet/en/lcbo/spirits-15/gin-15014/traditional-15014348/aviation-gin-16608"
"Paper Boat Gin","Whitewater Brewing Company","Gin","Traditional",39.95,750,39.6,"Ontario, Canada","https://www.lcbo.com/webapp/wcs/stores/servlet/en/lcbo/traditional-15014348/paper-boat-gin-16862"
"Sight Gin","The Farmhouse Spirits Company","Gin","Traditional",36.25,750,39.3,"Ontario, Canada","https://www.lcbo.com/webapp/wcs/stores/servlet/en/lcbo/spirits-15/gin-15014/traditional-15014348/sight-gin-17790"
"Laneway No 33 Gin","Laneway Distillers","Gin","Traditional",98.95,750,43.5,"Ontario, Canada","https://www.lcbo.com/webapp/wcs/stores/servlet/en/lcbo/traditional-15014348/laneway-no-33-gin-19443"
"Limited Gin","Limited Distilling Corp","Gin","Traditional",39.95,750,43.0,"Ontario, Canada","https://www.lcbo.com/webapp/wcs/stores/servlet/en/lcbo/traditional-15014348/limited-gin-19525"
"Hendrick's Lunar Gin","Wm. Grant &amp; Sons Ltd","Gin","Traditional",59.2,750,43.4,"Scotland, United Kingdom","https://www.lcbo.com/webapp/wcs/stores/servlet/en/lcbo/traditional-15014348/hendricks-lunar-gin-16094"
"Top Shelf Gin","Top Shelf Distillers","Gin","Traditional",16.75,375,40.0,"Ontario, Canada","https://www.lcbo.com/webapp/wcs/stores/servlet/en/lcbo/traditional-15014348/top-shelf-gin-21098"
"Aqvalvce Gin","Maschio Beniamino","Gin","Traditional",70.9,700,47.0,"Italy","https://www.lcbo.com/webapp/wcs/stores/servlet/en/lcbo/traditional-15014348/aqvalvce-gin-18677"
"Generous Gin Organic","Odevie Sas","Gin","Traditional",48.95,700,44.0,"France","https://www.lcbo.com/webapp/wcs/stores/servlet/en/lcbo/traditional-15014348/generous-gin-organic-18271"
"Aviation Gin Fan kit","Lcbo-Marketing Communications","Gin","Traditional",78.6,1500,42.0,"Oregon, USA","https://www.lcbo.com/webapp/wcs/stores/servlet/en/lcbo/traditional-15014348/aviation-gin-fan-kit-22122"
"Scapegrace Classic New Zealand Premium Dry Gin","Rogue Society Distilling Co.","Gin","Traditional",39.95,750,42.2,"New Zealand","https://www.lcbo.com/webapp/wcs/stores/servlet/en/lcbo/traditional-15014348/scapegrace-classic-new-zealand-premium-dry-gin-18387"
"Collective Arts Lavender & Juniper Gin","Collective Arts Brewing Limited","Gin","Traditional",48.95,750,43.5,"Ontario, Canada","https://www.lcbo.com/webapp/wcs/stores/servlet/en/lcbo/traditional-15014348/collective-arts-lavender-juniper-gin-22091"
"River's End Gin","Wolfhead Distillery Inc","Gin","Traditional",36.95,750,43.0,"Ontario, Canada","https://www.lcbo.com/webapp/wcs/stores/servlet/en/lcbo/traditional-15014348/rivers-end-gin-22139"
"Aviation Gin","Aviation Gin Distillery","Gin","Traditional",81.35,1750,42.0,"Oregon, USA","https://www.lcbo.com/webapp/wcs/stores/servlet/en/lcbo/traditional-15014348/aviation-gin-21996"
"Seven Crofts Handcrafted Dry Gin","Highland Liquor Co.","Gin","Traditional",45.75,700,43.0,"Scotland, United Kingdom","https://www.lcbo.com/webapp/wcs/stores/servlet/en/lcbo/traditional-15014348/seven-crofts-handcrafted-dry-gin-18706"
"Citadelle Gin Le Jardin D'Ete","Cognac Ferrand","Gin","Traditional",30.7,750,41.5,"France","https://www.lcbo.com/webapp/wcs/stores/servlet/en/lcbo/traditional-15014348/citadelle-gin-le-jardin-dete-19409"
"Tresor Gin N13","9294-7563 Quebec Inc. Operatin","Gin","Traditional",34.2,750,40.0,"Quebec, Canada","https://www.lcbo.com/webapp/wcs/stores/servlet/en/lcbo/traditional-15014348/tresor-gin-n13-19402"
"Mataroa Mediterranean Dry Gin","Dimitris Melissanidis + Co","Gin","Traditional",49.95,750,41.5,"Greece","https://www.lcbo.com/webapp/wcs/stores/servlet/en/lcbo/traditional-15014348/mataroa-mediterranean-dry-gin-19415"
"Cantarelle Gin De Provence, France","Sas Les Vins De L'Herre","Gin","Traditional",54.65,700,40.0,"France","https://www.lcbo.com/webapp/wcs/stores/servlet/en/lcbo/traditional-15014348/cantarelle-gin-de-provence-france-18263"
"Local Spirit Gin 7","Lost Craft","Gin","Traditional",39.95,750,40.0,"Ontario, Canada","https://www.lcbo.com/webapp/wcs/stores/servlet/en/lcbo/traditional-15014348/local-spirit-gin-7-22133"
"Manns London Dry Gin","Manns Distillery Ltd","Gin","Traditional",41.95,750,43.0,"Ontario, Canada","https://www.lcbo.com/webapp/wcs/stores/servlet/en/lcbo/traditional-15014348/manns-london-dry-gin-23818"
"Cruxland Gin","Kwv Sa (Pty) Ltd.","Gin","Traditional",51.95,750,43.0,"South Africa","https://www.lcbo.com/webapp/wcs/stores/servlet/en/lcbo/traditional-15014348/cruxland-gin-19404"
"Bruichladdich The Botanist Gin & Tonic Cocktail Kit","Lcbo-Marketing Communications","Gin","Traditional",54.0,750,46.0,"United Kingdom","https://www.lcbo.com/webapp/wcs/stores/servlet/en/lcbo/traditional-15014348/bruichladdich-the-botanist-gin-tonic-cocktail-kit-24118"
"Tanqueray No. Ten Gin + FREE martini glass","Lcbo-Marketing Communications","Gin","Traditional",49.95,750,47.3,"United Kingdom","https://www.lcbo.com/webapp/wcs/stores/servlet/en/lcbo/traditional-15014348/tanqueray-no-ten-gin-free-martini-glass-24136"
"Sipsmith London Dry Gin + FREE cocktail book","Lcbo-Marketing Communications","Gin","Traditional",45.0,750,41.6,"United Kingdom","https://www.lcbo.com/webapp/wcs/stores/servlet/en/lcbo/traditional-15014348/sipsmith-london-dry-gin-free-cocktail-book-24164"
"Lind & Lime Gin","Muckle Brig Limited","Gin","Traditional",56.95,750,44.0,"Scotland, United Kingdom","https://www.lcbo.com/webapp/wcs/stores/servlet/en/lcbo/traditional-15014348/lind-lime-gin-19963"
"Beefeater London Dry Gin","James Burrough Ltd.","Gin","Traditional",28.95,750,40.0,"England, United Kingdom","https://www.lcbo.com/webapp/wcs/stores/servlet/en/lcbo/traditional-15014348/beefeater-london-dry-gin-570"
"Tanqueray Dry Gin","Udv - Laindon","Gin","Traditional",63.45,1750,40.0,"England, United Kingdom","https://www.lcbo.com/webapp/wcs/stores/servlet/en/lcbo/traditional-15014348/tanqueray-dry-gin-96263"
"Whitley Neill Original London Dry Gin","Halewood International","Gin","Traditional",39.95,750,43.0,"England, United Kingdom","https://www.lcbo.com/webapp/wcs/stores/servlet/en/lcbo/traditional-15014348/whitley-neill-original-london-dry-gin-514463"
"Spirit of York Hawthorne Gin","Spirit Of York Distillery","Gin","Traditional",49.95,750,35.0,"Ontario, Canada","https://www.lcbo.com/webapp/wcs/stores/servlet/en/lcbo/traditional-15014348/spirit-of-york-hawthorne-gin-645655"
"Ginslinger Handcrafted Ontario Dry Gin","Maverick Distillery Limited","Gin","Traditional",34.95,750,45.0,"Ontario, Canada","https://www.lcbo.com/webapp/wcs/stores/servlet/en/lcbo/traditional-15014348/ginslinger-handcrafted-ontario-dry-gin-13484"
"Otonabee River Spirits Dry Gin","Canadian Distributuion Channel","Gin","Traditional",28.2,750,42.0,"Ontario, Canada","https://www.lcbo.com/webapp/wcs/stores/servlet/en/lcbo/traditional-15014348/otonabee-river-spirits-dry-gin-518365"
"Willibald Barrel Gin","Willibald Farm Distillery","Gin","Traditional",46.05,750,43.0,"Ontario, Canada","https://www.lcbo.com/webapp/wcs/stores/servlet/en/lcbo/traditional-15014348/willibald-barrel-gin-540302"
"Caorunn Small Batch Scottish Gin","Inver House Distillers Ltd.","Gin","Traditional",44.65,750,41.8,"Scotland, United Kingdom","https://www.lcbo.com/webapp/wcs/stores/servlet/en/lcbo/traditional-15014348/caorunn-small-batch-scottish-gin-617167"
"Last Straw's Gin Twenty-One","Last Straw Distillery Corp.","Gin","Traditional",34.95,750,46.0,"Ontario, Canada","https://www.lcbo.com/webapp/wcs/stores/servlet/en/lcbo/traditional-15014348/last-straws-gin-twenty-one-633222"
"Glendalough Wild Botanical Gin","Glendalough Irish Whiskey Limited","Gin","Traditional",43.75,750,41.0,"Ireland","https://www.lcbo.com/webapp/wcs/stores/servlet/en/lcbo/traditional-15014348/glendalough-wild-botanical-gin-635482"
"Bruichladdich The Botanist Islay Dry Gin","Bruichladdich Distillery Co. Ltd.","Gin","Traditional",23.15,375,46.0,"Scotland, United Kingdom","https://www.lcbo.com/webapp/wcs/stores/servlet/en/lcbo/traditional-15014348/bruichladdich-the-botanist-islay-dry-gin-12576"
"Black's Distillery Gin","Black's Distillery","Gin","Traditional",40.95,750,40.0,"Ontario, Canada","https://www.lcbo.com/webapp/wcs/stores/servlet/en/lcbo/traditional-15014348/blacks-distillery-gin-17389"
"Nikka Coffey Gin","Nikka Whisky Co. Hokkaido Plant","Gin","Traditional",53.3,700,47.0,"Japan","https://www.lcbo.com/webapp/wcs/stores/servlet/en/lcbo/traditional-15014348/nikka-coffey-gin-14726"
"Pepprell Distilling Co. Gin","Pepprell Distilling Company","Gin","Traditional",39.95,750,44.4,"Ontario, Canada","https://www.lcbo.com/webapp/wcs/stores/servlet/en/lcbo/traditional-15014348/pepprell-distilling-co-gin-17266"
"Swish Gin","Frankie &amp; Johnnie Wines Ltd.","Gin","Traditional",37.95,750,40.0,"Ontario, Canada","https://www.lcbo.com/webapp/wcs/stores/servlet/en/lcbo/traditional-15014348/swish-gin-17932"
"Freshwater Distillery Clearwater Gin","Freshwater Distillery Inc","Gin","Traditional",48.95,750,40.0,"Ontario, Canada","https://www.lcbo.com/webapp/wcs/stores/servlet/en/lcbo/traditional-15014348/freshwater-distillery-clearwater-gin-18154"
"What Stuck Gin","Spring Mill Distillery","Gin","Traditional",29.95,750,40.0,"Ontario, Canada","https://www.lcbo.com/webapp/wcs/stores/servlet/en/lcbo/traditional-15014348/what-stuck-gin-19669"
"Dunrobin Artisanal Gin","Dunrobin Distilleries Ltd","Gin","Traditional",34.95,750,40.0,"Ontario, Canada","https://www.lcbo.com/webapp/wcs/stores/servlet/en/lcbo/traditional-15014348/dunrobin-artisanal-gin-21256"
"Loop Lime And Ginger Gin","Distillerie Mariana","Gin","Traditional",30.65,750,40.3,"Quebec, Canada","https://www.lcbo.com/webapp/wcs/stores/servlet/en/lcbo/traditional-15014348/loop-lime-and-ginger-gin-18420"
"Durham Distillery London Calling Dry Gin","Durham Distillery Ltd","Gin","Traditional",35.0,750,42.5,"Ontario, Canada","https://www.lcbo.com/webapp/wcs/stores/servlet/en/lcbo/traditional-15014348/durham-distillery-london-calling-dry-gin-22884"
"Hidden Rivers Gin","Hidden Rivers Distillery Ltd","Gin","Traditional",34.95,750,40.0,"Ontario, Canada","https://www.lcbo.com/webapp/wcs/stores/servlet/en/lcbo/traditional-15014348/hidden-rivers-gin-22773"
"Crosscut Distillery Local Harvest Gin","Crosscut Distillery Ltd","Gin","Traditional",42.95,750,43.0,"Ontario, Canada","https://www.lcbo.com/webapp/wcs/stores/servlet/en/lcbo/traditional-15014348/crosscut-distillery-local-harvest-gin-23535"
"Elora Distilling Great Expectations Gin","Elora Distilling Company Limited","Gin","Traditional",46.0,750,40.0,"Ontario, Canada","https://www.lcbo.com/webapp/wcs/stores/servlet/en/lcbo/traditional-15014348/elora-distilling-great-expectations-gin-23141"
"Bootlegger Gin","Bootlegger Distillery","Gin","Traditional",28.2,750,42.5,"Ontario, Canada","https://www.lcbo.com/webapp/wcs/stores/servlet/en/lcbo/traditional-15014348/bootlegger-gin-24510"
"Hayman's Sloe Gin","Hayman Distillers","Gin","Flavoured",33.95,700,26.0,"United Kingdom","https://www.lcbo.com/webapp/wcs/stores/servlet/en/lcbo/flavoured-15014349/haymans-sloe-gin-302679"
"Tanqueray Rangpur Gin","Udv - Laindon","Gin","Flavoured",33.35,750,41.0,"Scotland, United Kingdom","https://www.lcbo.com/webapp/wcs/stores/servlet/en/lcbo/flavoured-15014349/tanqueray-rangpur-gin-358184"
"Malfy Gin con Limone","The Chivas &amp; Glenlivet Group","Gin","Flavoured",47.95,750,41.0,"Italy","https://www.lcbo.com/webapp/wcs/stores/servlet/en/lcbo/flavoured-15014349/malfy-gin-con-limone-484204"
"Junction 56 Black Raspberry Gin","Junction 56 Distillery Ltd","Gin","Flavoured",19.95,375,33.4,"Ontario, Canada","https://www.lcbo.com/webapp/wcs/stores/servlet/en/lcbo/flavoured-15014349/junction-56-black-raspberry-gin-570481"
"Hendrick's Orbium Gin","Wm. Grant &amp; Sons Ltd","Gin","Flavoured",59.75,750,43.4,"Scotland, United Kingdom","https://www.lcbo.com/webapp/wcs/stores/servlet/en/lcbo/flavoured-15014349/hendricks-orbium-gin-573931"
"Tanqueray Flor De Sevilla","Udv - Laindon","Gin","Flavoured",33.45,750,41.3,"United Kingdom","https://www.lcbo.com/webapp/wcs/stores/servlet/en/lcbo/flavoured-15014349/tanqueray-flor-de-sevilla-573956"
"Dixon's Wicked Citrus Gin","Dixon's Distilled Spirits","Gin","Flavoured",39.95,750,40.0,"Ontario, Canada","https://www.lcbo.com/webapp/wcs/stores/servlet/en/lcbo/flavoured-15014349/dixons-wicked-citrus-gin-634899"
"Malfy Gin Con Rosa","The Chivas &amp; Glenlivet Group","Gin","Flavoured",47.95,750,41.0,"Italy","https://www.lcbo.com/webapp/wcs/stores/servlet/en/lcbo/flavoured-15014349/malfy-gin-con-rosa-636068"
"Beefeater Pink","James Burrough Ltd.","Gin","Flavoured",30.45,750,37.5,"United Kingdom","https://www.lcbo.com/webapp/wcs/stores/servlet/en/lcbo/flavoured-15014349/beefeater-pink-647982"
"Collective Arts Rhubarb & Hibiscus Gin","Collective Arts Brewing Limited","Gin","Flavoured",48.95,750,43.5,"Ontario, Canada","https://www.lcbo.com/webapp/wcs/stores/servlet/en/lcbo/flavoured-15014349/collective-arts-rhubarb-hibiscus-gin-113456"
"Gordon's Pink Gin","Schenley / Diageo","Gin","Flavoured",30.45,750,37.5,"Canada","https://www.lcbo.com/webapp/wcs/stores/servlet/en/lcbo/flavoured-15014349/gordons-pink-gin-636092"
"Malfy Gin Con Arancia","The Chivas &amp; Glenlivet Group","Gin","Flavoured",47.95,750,41.0,"Italy","https://www.lcbo.com/webapp/wcs/stores/servlet/en/lcbo/flavoured-15014349/malfy-gin-con-arancia-10715"
"Collective Arts Blackthorn & Plum Gin","Collective Arts Brewing Limited","Gin","Flavoured",48.95,750,42.9,"Ontario, Canada","https://www.lcbo.com/webapp/wcs/stores/servlet/en/lcbo/flavoured-15014349/collective-arts-blackthorn-plum-gin-14312"
"Empress Gin","Victoria Spirits Inc.","Gin","Flavoured",29.95,375,42.5,"British Columbia, Canada","https://www.lcbo.com/webapp/wcs/stores/servlet/en/lcbo/flavoured-15014349/empress-gin-12596"
"Beefeater Blood Orange","James Burrough Ltd.","Gin","Flavoured",30.45,750,37.5,"England, United Kingdom","https://www.lcbo.com/webapp/wcs/stores/servlet/en/lcbo/flavoured-15014349/beefeater-blood-orange-15765"
"Junction 56 Distillery Rhubarb Gin","Junction 56 Distillery Ltd","Gin","Flavoured",19.95,375,32.8,"Ontario, Canada","https://www.lcbo.com/webapp/wcs/stores/servlet/en/lcbo/flavoured-15014349/junction-56-distillery-rhubarb-gin-16911"
"Laneway Ever Gin Liqueur","Laneway Distillers","Gin","Flavoured",69.95,750,43.5,"Ontario, Canada","https://www.lcbo.com/webapp/wcs/stores/servlet/en/lcbo/flavoured-15014349/laneway-ever-gin-liqueur-19021"
"Reid's Citrus Gin","Reid's Distillery","Gin","Flavoured",50.5,750,42.2,"Ontario, Canada","https://www.lcbo.com/webapp/wcs/stores/servlet/en/lcbo/flavoured-15014349/reids-citrus-gin-17791"
"Mermaid Pink Gin","Isle Of Wight Distillery","Gin","Flavoured",84.05,700,38.0,"England, United Kingdom","https://www.lcbo.com/webapp/wcs/stores/servlet/en/lcbo/flavoured-15014349/mermaid-pink-gin-14755"
"Gordon's Sicilian Lemon Gin","Schenley / Diageo","Gin","Flavoured",30.45,750,37.5,"Quebec, Canada","https://www.lcbo.com/webapp/wcs/stores/servlet/en/lcbo/flavoured-15014349/gordons-sicilian-lemon-gin-19410"
"Beefeater Botanics Lemon & Ginger","James Burrough Ltd.","Gin","Flavoured",28.2,750,27.5,"Scotland, United Kingdom","https://www.lcbo.com/webapp/wcs/stores/servlet/en/lcbo/flavoured-15014349/beefeater-botanics-lemon-ginger-18279"
"Bombay Bramble","Bombay Spirits Company Ltd.","Gin","Flavoured",31.95,750,43.0,"Scotland, United Kingdom","https://www.lcbo.com/webapp/wcs/stores/servlet/en/lcbo/flavoured-15014349/bombay-bramble-19388"
"The Wave Pink Gin","Destilerias Campeny S.A.","Gin","Flavoured",30.9,700,37.0,"Spain","https://www.lcbo.com/webapp/wcs/stores/servlet/en/lcbo/flavoured-15014349/the-wave-pink-gin-14764"
"Indoggo Gin","Intercontinental Packaging Company","Gin","Flavoured",39.95,750,40.0,"Minnesota, USA","https://www.lcbo.com/webapp/wcs/stores/servlet/en/lcbo/flavoured-15014349/indoggo-gin-19403"
"Conker Port Barrel Gin","Conker Canada Limited","Gin","Flavoured",49.95,700,43.0,"Scotland, United Kingdom","https://www.lcbo.com/webapp/wcs/stores/servlet/en/lcbo/flavoured-15014349/conker-port-barrel-gin-18354"
"Dunrobin Earl Grey Gin","Dunrobin Distilleries Ltd","Gin","Flavoured",44.95,750,43.3,"Ontario, Canada","https://www.lcbo.com/webapp/wcs/stores/servlet/en/lcbo/flavoured-15014349/dunrobin-earl-grey-gin-22097"
"Akori Cherry Blossom","Destilerias Campeny S.A.","Gin","Flavoured",49.1,700,40.0,"Spain","https://www.lcbo.com/webapp/wcs/stores/servlet/en/lcbo/flavoured-15014349/akori-cherry-blossom-18269"
"Ungava Ginger","Les Spiritueux Ungava","Gin","Flavoured",40.95,750,37.5,"Quebec, Canada","https://www.lcbo.com/webapp/wcs/stores/servlet/en/lcbo/flavoured-15014349/ungava-ginger-19401"
"Steinhart Rhubarb Gin","Steinhart Distillery","Gin","Flavoured",37.15,500,47.5,"Nova Scotia, Canada","https://www.lcbo.com/webapp/wcs/stores/servlet/en/lcbo/flavoured-15014349/steinhart-rhubarb-gin-19408"
"Madison Park Breakfast Gin","1769 Distillery Inc","Gin","Flavoured",49.95,750,40.0,"Quebec, Canada","https://www.lcbo.com/webapp/wcs/stores/servlet/en/lcbo/flavoured-15014349/madison-park-breakfast-gin-19416"
"Manns White Tea Gin","Manns Distillery Ltd","Gin","Flavoured",39.95,750,40.0,"Ontario, Canada","https://www.lcbo.com/webapp/wcs/stores/servlet/en/lcbo/flavoured-15014349/manns-white-tea-gin-23819"
"Dixon's Wicked Blueberry Gin","Dixon's Distilled Spirits","Gin","Flavoured",37.95,750,40.0,"Ontario, Canada","https://www.lcbo.com/webapp/wcs/stores/servlet/en/lcbo/flavoured-15014349/dixons-wicked-blueberry-gin-16859"
"Muskoka Butterfly Effect Pink Peppercorn Gin","Lakes Of Muskoka Cottage Brewery","Gin","Flavoured",29.95,375,40.0,"Ontario, Canada","https://www.lcbo.com/webapp/wcs/stores/servlet/en/lcbo/flavoured-15014349/muskoka-butterfly-effect-pink-peppercorn-gin-14313"
"Whitley Neill Blackberry Gin","Halewood International","Gin","Flavoured",35.05,750,43.0,"England, United Kingdom","https://www.lcbo.com/webapp/wcs/stores/servlet/en/lcbo/flavoured-15014349/whitley-neill-blackberry-gin-16098"
"Valley of Mother of God Smoked Gin","Foxglove Spirits Ltd","Gin","Flavoured",72.95,750,43.0,"Ontario, Canada","https://www.lcbo.com/webapp/wcs/stores/servlet/en/lcbo/flavoured-15014349/valley-of-mother-of-god-smoked-gin-19670"
"Ontario Wild Honey Botanical Gin","Trafalgar Ales And Meads Ltd.","Gin","Flavoured",33.55,750,40.0,"Ontario, Canada","https://www.lcbo.com/webapp/wcs/stores/servlet/en/lcbo/flavoured-15014349/ontario-wild-honey-botanical-gin-538967"
"Levenswater Spring 34 Gin","Levenswater Inc","Gin","Flavoured",50.0,750,40.0,"Ontario, Canada","https://www.lcbo.com/webapp/wcs/stores/servlet/en/lcbo/flavoured-15014349/levenswater-spring-34-gin-645697"
"Northern Landings Cranberry Ginberry","Northern Landings Distillery","Gin","Flavoured",44.95,750,40.0,"Ontario, Canada","https://www.lcbo.com/webapp/wcs/stores/servlet/en/lcbo/flavoured-15014349/northern-landings-cranberry-ginberry-10614"
"Whitley Neill Rhubarb & Ginger","Halewood International","Gin","Flavoured",45.8,750,43.0,"England, United Kingdom","https://www.lcbo.com/webapp/wcs/stores/servlet/en/lcbo/flavoured-15014349/whitley-neill-rhubarb-ginger-11868"
"H2 Craft Metamorphosis Indigo Gin","H2 Craft Spirits Inc","Gin","Flavoured",39.95,750,42.5,"Ontario, Canada","https://www.lcbo.com/webapp/wcs/stores/servlet/en/lcbo/flavoured-15014349/h2-craft-metamorphosis-indigo-gin-12167"
"H2 Craft Aged Negroni Cocktail","H2 Craft Spirits Inc","Gin","Flavoured",29.95,750,27.0,"Ontario, Canada","https://www.lcbo.com/webapp/wcs/stores/servlet/en/lcbo/flavoured-15014349/h2-craft-aged-negroni-cocktail-12821"
"Dillon's The Professors Negroni","Dillon's Small Batch Distiller","Gin","Flavoured",22.95,500,18.4,"Ontario, Canada","https://www.lcbo.com/webapp/wcs/stores/servlet/en/lcbo/flavoured-15014349/dillons-the-professors-negroni-11423"
"Whitley Neill Handcrafted Blood Orange Gin","Halewood International","Gin","Flavoured",35.1,750,43.0,"United Kingdom","https://www.lcbo.com/webapp/wcs/stores/servlet/en/lcbo/flavoured-15014349/whitley-neill-handcrafted-blood-orange-gin-14754"
"Barchef Project Late Harvest Vesper","Barchef Project Inc.","Gin","Flavoured",26.95,375,36.0,"Ontario, Canada","https://www.lcbo.com/webapp/wcs/stores/servlet/en/lcbo/flavoured-15014349/barchef-project-late-harvest-vesper-16861"
"Magnotta Inginious Spiced Hopped Gin","Magnotta Brewery (Vaughan) Ltd.","Gin","Flavoured",44.95,750,41.4,"Ontario, Canada","https://www.lcbo.com/webapp/wcs/stores/servlet/en/lcbo/flavoured-15014349/magnotta-inginious-spiced-hopped-gin-17778"
"Whitley Neill Raspberry Gin","Halewood International","Gin","Flavoured",44.2,750,43.0,"England, United Kingdom","https://www.lcbo.com/webapp/wcs/stores/servlet/en/lcbo/flavoured-15014349/whitley-neill-raspberry-gin-16095"
"H2 Craft Hibiscus & Rose Petal Gin","H2 Craft Spirits Inc","Gin","Flavoured",39.95,750,43.8,"Ontario, Canada","https://www.lcbo.com/webapp/wcs/stores/servlet/en/lcbo/flavoured-15014349/h2-craft-hibiscus-rose-petal-gin-17886"
"Whitley Neill Pink Grapefruit Gin","Halewood International","Gin","Flavoured",35.35,750,43.0,"England, United Kingdom","https://www.lcbo.com/webapp/wcs/stores/servlet/en/lcbo/flavoured-15014349/whitley-neill-pink-grapefruit-gin-16099"
"Mirabeau Rose Gin","Mirabeau","Gin","Flavoured",53.45,700,43.0,"France","https://www.lcbo.com/webapp/wcs/stores/servlet/en/lcbo/flavoured-15014349/mirabeau-rose-gin-18270"
"Spirit In Niagara Juiced Up Gin","Spirit In Niagara Distillery Corp","Gin","Flavoured",40.0,750,40.0,"Ontario, Canada","https://www.lcbo.com/webapp/wcs/stores/servlet/en/lcbo/flavoured-15014349/spirit-in-niagara-juiced-up-gin-23823"
